{
	"schemaVersion": 1,
	"id": "additional_create_features",
	"version": "${version}",
	"name": "Additional Create Features",
	"description": "Makes progression a bit slower by using create mod features.",
	"authors": [
		"Forest, @forest_mc on Youtube and Discord."
	],
	"contact": {
		"homepage": "",
		"sources": ""
	},
	"license": "MIT",
	"icon": "assets/additional_create_features/icon.png",
	"environment": "*",
	"entrypoints": {
		"main": [
			"net.forest.additional_create_features.AdditionalCreateFeatures"
		],
		"client": [
			"net.forest.additional_create_features.AdditionalCreateFeaturesClient"
		],
		"fabric-datagen": [
			"net.forest.additional_create_features.AdditionalCreateFeaturesDataGenerator"
		]
	},
	"mixins": [
		"additional_create_features.mixins.json"
	],
	"depends": {
		"fabricloader": ">=0.15.10",
		"minecraft": "~1.20.1",
		"java": ">=17",
		"fabric-api": "*",
		"create": "*"
	},
	"suggests": {
		"another-mod": "*"
	}
}